,Pair,Importance
0,128-225,0.20214048
1,207-278,0.153843289
2,139-208,0.12855551
3,207-276,0.119243015
4,151-161,0.103850811
5,199-207,0.099085511
6,135-208,0.096941803
7,141-208,0.094173674
8,136-208,0.094159616
9,259-278,0.094135452
10,207-282,0.093861688
11,127-225,0.092855029
12,140-208,0.090292477
13,138-208,0.071938585
14,197-207,0.070565738
15,130-225,0.067802555
16,254-287,0.062670788
17,161-209,0.060252802
18,208-287,0.057444247
19,172-208,0.054867673
20,208-291,0.051218926
21,199-208,0.047812982
22,144-259,0.04766564
23,126-225,0.044009896
24,142-207,0.043123744
25,88-208,0.042259006
26,207-281,0.041686881
27,132-208,0.04138062
28,253-285,0.040074493
29,259-280,0.03887322
