,Pair,Importance
0,184-291,0.011060554452541501
1,44-191,0.0096686127634851
2,132-234,0.0093727257568323
3,175-251,0.0091984790332191
4,134-208,0.0089450635580633
5,121-193,0.0087113585891703
6,196-260,0.0086450312845357
7,132-253,0.008642027081756
8,74-210,0.0084735326047874
9,257-292,0.0084389546613887
10,191-260,0.008364417181762
11,139-184,0.008261894042861699
12,107-187,0.0082286272000456
13,173-182,0.0082280218514858
14,206-230,0.0079217548932945
15,255-287,0.007920280712478099
16,134-175,0.00791374273440796
17,39-178,0.007895181625364851
18,77-176,0.0077432030287639
19,76-176,0.0077187490217198
20,189-264,0.0077128023768622
21,41-206,0.0077111079404804
22,87-183,0.007626200062497411
23,143-187,0.0075488910575933
24,186-207,0.0075427751568606
25,39-190,0.0075140299560072
26,175-220,0.007510578847008238
27,80-162,0.007489809355051
28,105-183,0.0074828652344625
29,184-258,0.0074780529798709
