,Pair,Importance
0,184-291,0.0103999574761999
1,132-234,0.0103362505735883
2,257-292,0.0093526233286193
3,44-191,0.0091868933825494
4,139-184,0.0090985139279757
5,175-251,0.0090214781902942
6,206-230,0.008924610678320299
7,39-178,0.0088888228075023
8,105-183,0.0087985365657952
9,134-208,0.0087620144963449
10,30-182,0.0087132861765889
11,121-193,0.0085188533104302
12,139-183,0.008432636137336101
13,162-190,0.0080979768086272
14,41-206,0.0080373862617525
15,184-258,0.0079826954368447
16,74-210,0.0079347951273787
17,208-269,0.007902886124637699
18,157-236,0.0078988943416343
19,196-260,0.0078950851408009
20,87-183,0.007763804939373
21,132-253,0.0077188776860419
22,191-260,0.007700910741016
23,192-253,0.007655991819122
24,151-251,0.0076559883127532
25,153-181,0.00752689100068661
26,105-189,0.0074612015735528
27,253-285,0.0074356352039393
28,123-208,0.0074297642121883
29,143-187,0.007418883795283
