,Pair,Importance
0,189-251,0.228751593
1,189-249,0.204728306
2,188-191,0.201776177
3,189-217,0.172799256
4,189-228,0.166261243
5,189-229,0.16617221
6,189-194,0.152783454
7,155-191,0.148057328
8,191-300,0.144975395
9,189-213,0.120048727
10,216-300,0.119398571
11,153-300,0.116444468
12,191-239,0.110184533
13,198-300,0.107179055
14,221-300,0.106045234
15,127-225,0.097246965
16,155-190,0.096513068
17,189-239,0.094785674
18,128-225,0.091596804
19,189-250,0.073780085
20,189-267,0.073246762
21,298-300,0.072243822
22,189-268,0.068786562
23,189-265,0.067536775
24,189-231,0.066829664
25,191-193,0.063358312
26,189-220,0.06149907
27,189-253,0.06011351
28,274-300,0.057386565
29,215-300,0.054680923
